Unit ID,Firm Name,Owner Name,Location
N/A,Timber Traders,Rajiv Kumar,Timber Traders, Vill. Ghasipur,, Near R.K Kanda, Hariana Road, Vill. Ghasipur - 146001
N/A,Radha Timber Store,Sunita Rani,Near Sunder Petrol Pump,, Mour Road,, Rampura Phul, Rampura Phul - 151103
N/A,Khullar Trading Company,Bimal Rai Khullar,Village Chohal, Distt. Hoshiarpur, VILLAGE - 146001
N/A,xyz,xyz,xyz, xyz, xyz, PATIALA - 147001
N/A,xyz,xyz,xyz, xyz, xyz, PATIALA - 147001
N/A,Kochar Timber ,Manpreet Singh,Safabadi Gate , Lakkar Mandi , Patiala, Patiala - 147001
N/A,Dhiman Saw mills ,Anjana Kumari,Village Maira  P.O Mutfarka Tehsil & District Pathankot, Village Maira  P.O Mutfarka Tehsil & District Pathankot, Village Maira  P.O Mutfarka Tehsil & District Pathankot, Baroi  - 145001
N/A,Dhiman Saw Mills,Anjana Kumari,Village Maira P.O. Mutfarka Tehsil & District Pathankot , Village Maira P.O. Mutfarka Tehsil & District Pathankot , Village Maira P.O. Mutfarka Tehsil & District Pathankot , Maira - 145023
N/A,Kewal Krishan & Sons ,Kewal Krishan ,Village Phangrian P.O. Jhakolahri  Tehsil & District Pathankot, Village Phangrian P.O. Jhakolahri  Tehsil & District Pathankot, Village Phangrian P.O. Jhakolahri  Tehsil & District Pathankot, Phangrian - 145025
N/A,Sukhdev Singh & Sons ,Sukhdev Singh,Dhangu Road, Sunder Nagar Pathankot  , Dhangu Road, Sunder Nagar Pathankot  , Dhangu Road, Sunder Nagar Pathankot  , Sunder Nagar  - 145001
N/A,Harbhajan Saw Mill ,Harbhajan Singh,W.No-1, Village Miani, Tehsil Dasuya, Miani/Dasuya - 144202
N/A,Mohan agro Tech.,Harpreet Singh,Vill-Ghalori, Teh.-Patiala, patiala - 147001
N/A,Bawandeep Saw Mill,Bawandeep ,village Bhatmajra , Fatehgharh sahib, Punjab, Bhatmajra - 140406
N/A,Shamsher Saw Mill,Shamsher Singh,Village Bela Sariana, Tehsil Mukerian, Bela Sariana/Mukerian - 144221
N/A,Thakur Saw Mill,Vishal Singh,VPO Dadial, Tehsil Dasuya, District Hoshiarpur, Dadial - 144223
N/A,Abhishek Traders ,Mangal Singh ,VPO Ranipur Jhikla  Tehsil & District Patahnkot                                                                                                                                                                                                             , VPO Ranipur Jhikla  Tehsil & District Patahnkot  , VPO Ranipur Jhikla  Tehsil & District Patahnkot  , Ranipur Jhikla - 145023
N/A,MANJINDER SINGH,MANJINDER SINGH,ADDA BEHRAMPUR, GAHLRI ROAD, GURDASPUR 143532, ADDA BEHRAMPUR, GAHLRI ROAD, GURDASPUR 143532, BEHRAMPUR - 143532
N/A,K.K. Crafts,Kunal Khullar,Chohal, Chohal, Chohal, Chohal - 146001
N/A,K.K. Crafts,Kunal Khullar,Chohal, Chohal, Chohal, Chohal - 146001
N/A,Vishawkarma Saw Mills ,Mohinder Pal,Village Shahpurkandi Teh & District Pathankot , Village Shahpurkandi Teh & District Pathankot , Village Shahpurkandi Teh & District Pathankot , Shahpurkandi  - 145001
N/A,M/s Dhiman Timber Store,Raj Kumar,Kaithal Raod , Shergarh,Teh.Patran, Distt.Patiala, Sherghar,Patran - 147105
N/A,M/s Dhiman Timber Store,Raj Kumar,Kaithal Raod , Shergarh,Teh.Patran, Distt.Patiala, Sherghar,Patran - 147105
N/A,Sohan Lal Saw Mill,Ram Singh,PO Bhekwal, Dasuya Road, Jalalpur - 146001
N/A,Sohan Lal Saw Mill,Ram Singh,Village Jalalpur, Dasuya Road, HSP, Hoshiarpur - 146001
N/A,M/s Smayara Saw Mill,Sukhdeep Kumar,Village Baghora , Teh.  Ghanour, Distt. Patiala, Village Baghora - 140702
N/A,Vishawkarma Saw Mills ,Mohinder Pal,Village Badoi, Tehsil & District Pathankot , Badoi - 145001
N/A,HARMAN SAW MILLS,HARMESH LAL,VILL JIVANPUR GUJJRAN, PO. KITNA, TEHSIL GARHSHANKAR, VILLAGE JIVANPUR GUJJRAN - 144531
N/A,Palwinder Singh Fauji Saw Mills,Sukhvinder Singh,Deep Nagar, Phagwara road Hoshiarpur, hoshiarpur, HOSHIARPUR - 146001
N/A,SAT SAHIB TRADING COMPANY,RATTAN LAL,NEAR CHOUDHARY PALACE, BHADDI ROAD, BALACHAUR, CITY - 144521
N/A,SHREE AP WOOD CRAFT,AJAY PARASHAR,VILLAGE JOGEWAL, BHADDI ROAD, BALACHAUR, VILLAGE - 144521
N/A,SAVINDER SINGH,SAVINDER SINGH,426, NIVI PATI, KOT KHALSA, AMRITSAR - 143002
N/A,Ram Ditta Saw Mill,Ram Ditta,Bhangala, Tehsil Mukerian, Bhangala - 144306
N/A,Kabal singh and sons,kabal singh,Kot Khalsa, Near dera najar singh. Amritsar-1, Amritsar G.P.O Punjab, Amritsar - 143001
N/A,Lakhwinder Petti Store,Lakhwinder singh,Khasra No 497 , Sultanwind Road , Petti Store, Amritsar - 143001
N/A,Rajiv Textiles Industries,Rajiv Bhandari,khu kujari Wala, Near Ajay Palace, Dubarji Road, Amritsar - 143001
N/A,Tarlok & Sons ,Tarlok Singh ,Village Jugial , Tehsil & District Pathankot , Jugial - 145001
N/A,Gurdeep Singh Saw Mill,Gurdeep Singh,Village Ramtatwali, Ranjeet Garh, Sub Teh Gardhiwal, Hoshiarpur - 144206
N/A,Shami Vaneer,Sham Saroop,Janouri, Near Kang farm, Sub Teh Bhunga, Hoshiarpur - 144209
N/A,Hardev Saw Mill,Hardev Singh,Village Nangal Awana, Tehsil Mukerian, Nangal Awana - 144306
N/A,Ms Thakur Enterprises,Keshav  Singh ,Village Mutfarka P.O. Sujanpur , Near Mohan singh Da Kanda , Teh & District Pathankot , Mutfarka - 145024
N/A,TAMAN SAW MILLS,DARSHAN SINGH,VPO CHHANDRAN, TEHSIL LUDHIANA, CHHANDRAN - 141113
N/A,Dalbir Singh Saw Mill,Dalbir Singh ,Village Ranipur , Tehsil & District Pathankot , Ranipur  - 145023
N/A,SAVINDER SINGH,SAVINDER SINGH,426, NIVI PATI, KOT KHALSA, AMRITSAR - 143002
N/A,Ravinder Singh Saw Mill,Ravinder Singh ,Village Aner , Tehsil & District Pathankot , Aner - 145101
N/A,M.L Katha Udyog,Mohan Lal ,Village Alera HB No. 616, Tehsil Mukerian District Hoshiarpur , Alera - 144224
N/A,Aggarwal Saw Mills,MUNISH GOYAL,Peer Khana road, New Bharat Gas Serivce, Raman Mandi, Raman Mandi - 151301
N/A,MUSTAQ SAW MILL,MUSTAQ MOHAMMAD,BACK SIDE DASHMESH KANDA, NEAR BABA AUGAR, VPO. SAILA KHURD, TEHSIL GARHSHANKAR - 144529
N/A,KULDEEP SAW MILL,KULDEEP SINGH,VPO SAILA KHURD, SAILA KHURD, PENSRA ROAD, SAILA KHURD - 144529
N/A,RAHUL JASWAL SAW MILL,RAHUL JASWAL,VPO. SAILA KHURD, PAPER MILL ROAD, NEAR SINGH SABHA GURDWARA, VILLAGE SAILA KHURD - 144529
N/A,Sohal Saw Mill,Paramjit Singh ,village Jhita Kalan , PO:Bundala Rampura Road , Amritsar, Jhita Kalan  - 143413
N/A,M/s Mohan Saw Mill,Baljinder Singh,Patran Road, Village Retgarh, Samana Distt Patiala, Village Retgarh - 147101
N/A,DURGA INDUSTRIES,Vikas Singla,BATHINDA ROAD, JAITU, JAITU - 151202
N/A,Vikas Singla & Company,Vikas Singla,BATHINDA ROAD, JAITU, JAITU - 151202
N/A,Jaitu Wood Product,Vikas Singla,Bajakhanna Road , JAITU-151202, JAITU - 151202
N/A,V K Traders,Vikas Singla, Bathinda Road, JAITU, JAITU - 151202
N/A,Kalia Construction CO ,Vikas Kalia,Raghunath Nagar (Adha Khuli) , Near Dana Mandi , Shahpurkandi Road Pathankot , Shahpurkandi  - 145001
N/A,Billa Petti Store,Balwinder Singh,H No 62 Gali No 1 , Guru Nanak Nirankari colony, sultanwind road amritsar, Amritsar - 143001
N/A,Thakur Traders,Satvir Singh,V.P.O. Adamwal, Chint purni road, hoshiarpur, HOSHIARPUR - 146001
N/A,Daljit Singh & Sons,Daljit Singh ,Chabhal Road P.O. Fatehpur , Opp Sethi Dharamkanda , Amritser , Amritser  - 143001
N/A,Harpreet Singh & Co ,Narinder Kumar Malhotra,Focal Point Batala , Plot No. 133, Batala , Batala  - 143001
N/A,M/S Bhupinderpal Singh Saw Mill,Bhupinderpal Singh,V.P.O Garhdiwala, Dasuya road, hoshiarpur, V.P.O.Garhdiwala - 144207
N/A,Sharma Saw Mill,Rakesh Sharma ,Bradi wala urban P.O Fatahpur, District Amritser , Bradi wala urban  - 143001
N/A,Mohan Singh,Mohan Singh,Village Wan, Wan Bahre Di, Tehsil Tarn taran, Tarn Taran - 143401
N/A,ARJUN TIMBER,ADITI MAHAJAN,CHABAL ROAD,, Opp FCI GODOWN, AMRITSAR, AMRITSAR - 143001
N/A,Krishan Chand Saw Mill,Krishan Chand,Village Dukhniali Tikka Khas, Tehsil Dhar Kalan, Distt Pathankot, Bar Sudal  - 145001
N/A,Krishan Chand Saw Mill,Krishan Chand,Village  Dukhniali, Tehsil Dhar Kalan, Distt Pathankot, Pathankot - 145022
N/A,Baldev Raj Small Scal Industry ,Badev Raj,Village Lehroon , Tikka Nagrota , Tehsil Dhar Kalan District Pathankot, Lehroon  - 145022
N/A,Baggo Saw mill, Fatehpur Bunga,BAGGO SAW MILL,Vill - Fatehpur Bunga, PO- Gardley, Teh- Anandpur Sahib, Village - fatehpur Bunga - 140114
N/A,AVTAR WORKSHOP,AVTAR SINGH,LIDHAR, LIDHAR, TEHSIL BABA BAKALA SAHIB, LIDHAR - 143112
N/A,M/s Sheetal Saw Mill,Harish Garg,Road Kacha pha Near Village Jagatpura, Near Rubber Pipe Factory Sunam, Distt. Sangrur,  Village Jagatpura,Sunam - 148028
N/A,M/S Rohit Gupta Saw mill,Rohit Gupta ,Near Dana Mandi, Kot Kapura Road, Jaitu, Faridkot, Town Jaitu - 151202
N/A,KEWAL MASIH,KEWAL MASIH,CHEEMA BATH, TEHSIL BABA BAKALA SAHIB, CHEEMA BATH, TEHSIL BABA BAKALA SAHIB - 143112
N/A,TARSEM SINGH,TARSEM SINGH,BHALOJALA, TEHSIL KHADOOR SAHIB, BHALOJALA, VILLAGE - 143201
N/A,GIANSINGH,GIAN SINGH,GHAGGE, TEHSIL KHADOOR SAHIB, KHOJKIPUR, VILLAGE - 143112
N/A,NARINDER SINGH,NARINDER SINGH,LIDHAR, LIDHAR, TEHSIL BABA BAKALA , VILLAGE - 143112
N/A,MANJITSINGH,MANJIT SINGH,LIDHAR, LIDHAR, TEHSIL BABA BAKALA , VILLAGE - 143112
N/A,Rohit Saw Mill,Kala Ram,Village Panjod P O Sujanpur , Tehsil & District Pathankot , Panjod - 145001
N/A,HARDEEP SINGH,HARDEEP SINGH,KALEKE, KALEKE, TEHSIL BABA BAKALA , VILLAGE - 143111
N/A,SUKHBIR SINGH,SUKHBIR SINGH,CHABHAL ROAD, NEAR SATNAM DHARAM KANDA, AMRITSAR, AMRITSAR - 143001
N/A,DURGA INDUSTRIES,Vikas Singla,BATHINDA ROAD, JAITU-151202, JAITU - 151202
N/A,Shri Madan Dham Manakpur,Piyare Lal,Village Manakpur, P. O. Manakpur, Tehsil Nangal Dam, Manakpur - 140125
N/A,Jaitu Wood Product,Vikas Singla,Bajakhanna Road , JAITU-151202, JAITU - 151202
N/A,Harpreet Singh & Co ,Narinder Kumar Malhotra,Focal Point Batala , Plot No. 133, Gurdaspur , Batala - 143505
N/A,MOHINDRA SAW MILLS,BALWANT SINGH,VPO HARIANA, SHAM CHAURASI ROAD , HARIANA, HARIANA - 144208
N/A,V K Traders,Vikas Singla,Bathinda Road, Jaitu, Jaitu-151202 - 151202
N/A,Vikas Singla &Company,Vikas Singla,Bathinda Road, Jaitu, Jaitu-151202 - 151202
N/A,Vishal Singla Saw Mill,Vishal Singla,Baja Road, Near Mehant Street, Jaitu Mandi, Jaitu - 151202
N/A,Vikas Singla  and Company,Vikas Singla,Bathinda Road, Jaitu, Jaitu-151202 - 151202
N/A,Ranjodh Singh,Ranjodh Singh,VPO Bhaini Rajputan, Bhaini Rajputan, Amritsar - 143108
N/A,Krish Timber Store,Ashwani Kumar,Village Rathrian, Near Dera Radha Swami, Malout, Rathrian/Malout - 152107
N/A,M/S BALRAJ SINGH,BALRAJ SINGH,CHOGAWAN SADHPUR, TEHSIL AMRITSAR, P.O. TARSIKA, VILLAGE - 143116
N/A,m/s charan singh,CHARAN SINGH,bhoewal, TEHSIL BABA BAKALA SAHIB, chananke, VILLAGE - 143114
N/A,Ranjit Singh & Son's Trading Co,Ranjit Singh ,VPO Gho , Teh & District Pathankot, Gho  - 145023
N/A,DALBIR ENGG. WORKS,GURDEV SINGH,#251, INDUSTRIAL AREA, GOINDWAL SAHIB, TARN TARAN - 143422
N/A,Gurdev Singh Sawmill,Gurdev Singh,V.P.O Sherpur Kalan, Tehsil Jagraon, Distt. Ludhiana, V.P.O Sherpur Kalan, Tehsil Jagraon, Distt. Ludhiana, V.P.O Sherpur Kalan, Tehsil Jagraon, Distt. Ludhiana, Unit Village - 142036
N/A,Mahadev Shakti,Akhleshwar,Village Danewala, Malout, Malout, Danewala/Malout - 152107
N/A,Bhagwant Singh Saw Mills,Jagmohan Singh,Opp Bedi PetrolPump, Chabal Road,, Near Chief Khalsa Diwan Nursing College, , Amritsar - 143001
N/A,Bhagwant Singh Saw Mills,Jagmohan Singh,Opp Bedi PetrolPump, Chabal Road,, Near Chief Khalsa Diwan Nursing College, , Amritsar - 143001
N/A,Krishna Udyog,Vivek Goyal,Backside Sant Nirankari Bhawan , Kotkapura Road, Jaitu - 151202
N/A,M/s Jaspal Singh Sawmill,Jaspal Singh,Village Salempura Tehsil Jagraon Distt Ludhiana, Village Salempura, Tehsil Jagraon, Distt. Ludhiana, Village Salempura, Tehsil Jagraon, Distt. Ludhiana, Village Salempura, Tehsil Jagraon, Distt. Ludhiana - 142033
N/A,Om Packers,Raj Kumar,sahnewal road Ramgarh Ludhiana, Sahnewal Road Ramgarh Ludhiana, Ramgarh Ludhiana - 141120
N/A,Hariom Traders,Keshav Maggo,Sahnewal Road Ramgarh, Sahnewal Road Ramgarh, Ludhiana - 141120
N/A,sarabjit ,sarabjit,Loharka Khurd , Loharka Kalan, Village - 143101
N/A,M/S Rupinder Singh,Rupinder Singh,Arjan Manga, Tehsil Baba Bakala, Amritsar - 143114
N/A,HARBANS SAW MILLS,HARBANS SINGH,NEAR BATHINDA-MANSA MAIN ROAD, RAMNAGAR, VILLAGE RAMNAGAR - 151509
N/A,GURU NANAK TRADING COMPANY,SAWINDER SINGH,VILLAGE BACHIWIND, TEHSIL  AJNALA, , AMRITSAR - 143108
N/A,S S Traders,Satnam Singh,Village Channi Muyal , Tehsil & District Pathankot , Channi Muyal  - 145029
N/A,Balwinder Singh ,Balwinder Singh,Village Lopoke , Amritsar, Lopoke - 143110
N/A,Balwinder Singh ,Balwinder Singh,Village Lopoke, Amritsar, Village Lopoke - 143110
N/A,GURPEJ SINGH S/O DARSHAN SINGH ,GURPEJ SINGH,VILLAGE KURALIAN , MAKOWAL,, AMRITSAR, VILLAGE KURALIAN - 143103
N/A,Balwinder Singh ,Balwinder Singh,Village Lopoke, Amritsar, Village Lopoke - 143110
N/A,Balwinder Singh ,Balwinder Singh,Village Lopoke, Amritsar, Village Lopoke - 143110
N/A,Manohar Saw Mill Village Jajjar Distt. Rupnagar,Manohar Lal,Village Jajjar, P. O. Ganguwal, Tehsil Anandpur Sahib, Jajjar - 140123
N/A,Madhu Industry ,Ramesh Kumar ,Focal Point Batala , Batala , Batala , Batala - 143505
N/A,SHREE  GURU NANAK DEV SAW MILL,JASPREET KAUR,MAUR RAMPURA ROAD, OPPOSITE MALWA RESORT, DIKH - 151103
N/A,BABA DEEP SINGH WOOD WORKERS,SATNAM SINGH,VILLAGE DHIREKOT , TEHSIL AND DISTRICT  AMRITSAR, AMRITSAR - 143115
N/A,GURPREET SINGH S/O MAKHAN  SINGH,GURPREET SINGH,RAMDAS,VILLAGE RAMDAS, TEHSIL/SUBTEHSIL, AJNALA,DISTRICT AMRITSAR, AMRITSAR - 143603
N/A,Bhatia Sons,RAHUL BHATIA,1616/25, OLD Lakkar Mandi,, Sultanwind Gate, Amritsar - 143001
N/A,JAGJIT SINGH  S/O NARINDER SINGH,JAGJIT SINGH,VILLAGE CHAWINDA DEVI TEHSIL MAJITHA , DISTRICT AMRITSAR, AMRITSAR - 143504
N/A,SURINDERPAL SINGH S/O BALWINDER SINGH,SURINDERPAL SINGH ,VILLAGE CHAWINDA DEVI TEHSIL MAJITHA ,  KATHU NANGAL ROAD DISTRICT AMRITSAR, AMRITSAR - 143504
N/A, Nikka Surinder Saw Mill,Surinder Kumar,Village Mutfarka , P.O. Sujanpur , Teh & District Pathankot , Mutfarka - 145023
N/A,Harbans Singh,Harbans Singh,Village Mehta, Tehsil Baba Bakala, Amritsar, Village - 143114
N/A,Gurnam Singh,Gurnam Singh,Ward no.1,  Near Sakki Wala pul, Ajnala, Village - 143102
N/A,J .S .ARA,JHIRMAL SINGH,VILLAGE TALWANDI KHUMAN,, POST OFFICE PAKHAR PURA , AMRITSAR, AMRITSAR - 143502
N/A,BABA ATMA  RAM FURNITURE HOUSE,HARBHAJAN SINGH,VILLAGE MAKHANWINDI  , DISTRICT AMRITSAR, AMRITSAR - 143501
N/A,Bhola Singh & Brothers New Vishkarma Saw Mill,Bhola Singh,Gehri Devi Nagar, Bathinda, Jassi Pauwali, Gehri Devi Nagar, Jassi Pauwali - 151001
N/A,Jagtar Singh,Jagtar Singh ,Village Gehri Mandi , Tehsil Amritsat, Village - 143149
N/A,Hakam Singh Saw Mills & Sons,Randhir Singh,Factory Road,, Near Petrol Pump, Mour, Mour - 151509
N/A,Bhullar Saw Mill,Gurjit Singh,Village Nandgarh, Nandgarh, Nandgarh - 151401
N/A,Nirmal Singh & Sons,Nirmal Singh,VPO, Barwali khurd, Tehsil Khamanon, Distt. Fatehgarh Sahib, Barwali Khurd - 141411
N/A,Gurmail Singh Saw Mill,Gurmail Singh,Village Bangi Deepa, Bangi Deepa, Bangi Deepa, Bangi Deepa - 151301
N/A,LAXMI SAW MILL,VIJAY LAXMI,CHABHAL ROAD, NEAR SETHI DHARAM KANDA, AMRITSAR, AMRITSAR - 143001
N/A,Manmohan Enterprises,MANMOHAN SINGH,G.T. ROAD SARNA, TEHSIL PATHANKOT, DISTT. PATHANKOT, PATHANKOT - 145025
N/A,Manmohan Enterprises,MANMOHAN SINGH,G.T. ROAD SARNA, TEHSIL PATHANKOT, DISTT. PATHANKOT, PATHANKOT - 145025
N/A,Nirmal Singh & Sons,Nirmal Singh,VPO, Barwali khurd, Tehsil Khamanon, Distt. Fatehgarh Sahib, Barwali Khurd - 141411
N/A,M/s Dharminder & Sons Trading Co.,Dharminder Singh,Near Gurdwara, Muradpur Bye Pass, Tarn Taran, Tarn Taran - 143401
N/A,Jiwan Saw Mill,Jiwan Singh ,Village Siar, Tehsil Payal, Distt  Ludhiana, Village Siar, Tehsil Payal, Distt  Ludhiana, Village Siar, Tehsil Payal, Distt  Ludhiana, Village Siar, Tehsil Payal, Distt  Ludhiana - 141117
N/A,Garewal Timber Traders,Avtar Singh,Village Thakarwal Distt Ludhiana, Village Thakarwal Distt Ludhiana, Village Thakarwal Distt Ludhiana, Thakarwal - 142022
N/A,jaswinder singh,JASWINDER SINGH,1647/25, Old Lakkar Mandi, Sultanwind Gate, Amritsar - 143001
N/A,HARDYAL TIMBER & IRON STORE,LAKHBIR SINGH,KATHUNANGAL ,ROAD , CHAWINDA  DEVI AMRITSAR, AMRITSAR - 143504
N/A,Grewal Timber Traders,Avtar Singh,Village Thakarwal, Near Lalton Kalan, Ludhiana West, Village Thakarwal - 142022
N/A,Tarlok Singh,Tarlok Singh,Lopoke , Tehsil Lopoke, Lopoke - 143110
N/A,G S TRADING COMPANY,GURWINDER SINGH,VILLAGE PANDORI, TEHSIL TARN TARAN, VILLAGE PANDORI - 143401
N/A,Kabir Timbar Store,Karan Madaan,VPO Danewala, Kingra Road, Malout, Danewala/Malout - 152107
N/A,NEW  BUMRAH PETTI  STORE,HARWINDER SINGH,40,SULTANWIND ROAD, GURU NANAK  NIRANKARI, COLOLY, , AMRITSAR-1, AMRITSAR - 143001
N/A,Setia Timber Traders,Raman Setia,Village Rathrian, Teh Malout, Malout, Village Rathrian/Malout - 152107
N/A,Satbir Singh S/o Piyara Singh,Satbir Singh ,H. No. 51 East Mohan Nagar , Amritsar, City Mohan Nagar  - 143001
N/A,M/s Krishan Kumar S/o Ram Parshad ,Krishan Kumar ,Kot mit Singh , Opo. Sant petroleum , Nazdeek Railway Fatak , Amritsar - 143001
N/A,RAGHAV TIMBERS,SAAKSHI NIRWANIA,NEAR DAV PUBLIC SCHOOL, MUBARAKPUR ROAD, DERABASSI, DERABASSI - 140507
N/A,M/s Avtar Singh S/o Karnail Singh,Avtar Singh,Near India Gate Patti Bhani, , Gurnanpura Amritsar, Gumanpura - 143105
N/A,RAGHAV TIMBERS,SAAKSHI NIRWANIA,NEAR DAV PUBLIC SCHOOL, MUBARAKPUR ROAD, DERABASSI, DERABASSI - 140507
N/A,M/s Arshdeep Singh S/o Nirmal Singh ,Arshdeep Singh ,Village Mannan , Tehsil & Disst. Tarn Taran, Viilage Mannan - 143301
N/A,Mehakpreet Furniture House,Bhupinder singh,Village-Khiala Khurd, Tehsil-Lopoke, Distt. Amritsar, Village-Khiala Khurd - 143109
N/A,Farooqi Saw Mill & Timber Merchant,Mohammad Aasif Farooqi,Village Ranwan, Khanna Road , Malerkotla, Malerkotla - 148023
N/A,M/s MohD Sharif & Sons,Mohammed Arif,Village Ranwan, Khanna Road , Malerkotla, Malerkotla - 148023
N/A,RAGHAV TIMBERS,SAAKSHI NIRWANIA,NEAR DAV PUBLIC SCHOOL, MUBARAKPUR ROAD, DERABASSI, ZIRAKPUR - 140507
N/A,M/s Sushil Kumar Khanna S/o Satpal Khanna ,Sushil Kumar Khanna ,Baba Deep Singh Colony , Village Mulle Chak , Teh Amritsar , Mulle Chak  - 143009
N/A,M/s Jarnail Singh S/o Kahan Singh ,Jarnail Singh ,H. No. 4207 Gali No. 1 Kot Kanhya Lal, Sultanwind Road , Amritsar - 143001
N/A,Harjit Timber Works,Mangal Singh,Kohali, Tehsil Lopoke, Kohali - 143109
N/A,RANJIT SINGH TRADING COMPANY,RANJIT SINGH,VILLAGE BARWALA, , TEHSIL PATTI  TARN TARAN, VILLAGE  BARWALA - 143406
N/A,Harcharan Singh & Brothers,Harcharan Singh,Village Balion, po. sampala, Teh. Samrala, Distt. Ludhiana, Balion - 141114
N/A,Rakesh Saw work ,Rakesh Kumar ,17 Guru nanak nager,, Back side jain Mandir , Sultanwind Road Amritsar, Amritsar - 143001
N/A,HARPREET SAW MILL  AND WOOD WORKS,HARPREET SINGH,NH 54  BUS STAND, SARHALI KALAN,, OPPOSITE PUNJAB NATIONAL BANK  TEH  AND DISTT TARN TARAN , TARN TARAN - 143410
N/A,BIDI  CHAND  WOOD WORKS,RAJINDER SINGH S/O PRITAM SINGH,TARN TARAN , ROAD , VILLAGE  DIALPUR, , TEHSIL .PATTI , TARN TARAN, TARN TARAN - 143304
N/A,M/s Tarsem Singh S/o Bachan Singh ,Tarsem Singh ,Lahorimal, Gharinda , Amritsar, Gharinda  - 143107
N/A,LAKHWINDER PAL S/O  KISHORI LAL,LAKHWINDER PAL,ABADI GURU  NAGAR VERKA , TEHSIL AND DISTRICT  AMRITSAR, AMRITSAR - 143501
N/A,Wadhwa Timber Store,Sandeep Kumar Wadhwa,R/O Street No-8, , Sundar Nagri, Second Chownk,  Tehsil Abohar, Sundar Nagri Abohar - 152116
N/A,Surjit Singh,Surjit Singh,Abadi Guru Nanak Nagar, Verka , Near Police Station,Verka, Verka - 143501
N/A,BABA DEEP SINGH JI TRADING COMPANY,SALWINDER SINGH,VILLAGE  BHANGALA  ,  TEHSIL PATTI , DISTT.TARN TARAN,  , VILLAGE  BHANGALA  - 143416
N/A,Ram Singh,Ram Singh,Baba Farid Nagar, Kale Ghanupur, Chheharta, 143105 - 143105
N/A,Gursharan Saw Mills,HARINDER SINGH,VPO Jhawan, PO Budhi Pind, Tanda Urmar, Jhawan - 144212
N/A,JIT SINGH SAW MILLS,JEET SINGH,VILLAGE SUKHERA BODLA, JALALABAD, JALALABAD, JALALABAD - 152024
N/A,M/s Suman Traders,Mohan Lal Suman,Village Rattewal, Tehsil Balachaur, Distt. S.B.S. Nagar, Village Rattewal, Tehsil Balachaur, Distt. S.B.S. Nagar, Village Rattewal, Tehsil Balachaur, Distt. S.B.S. Nagar, Village Rattewal, Tehsil Balachaur, Distt. S.B.S. Nagar - 144522
N/A,Satpal Saw Mill,Satpal Singh,Village Randhawa, PO -Panwan, Tehsil Dasuya, Randhawa/ Dasuya - 144205
N/A,Preet Furniture House,Gurpreet Singh,Brahmpur, Tarn Taran, Brahmpur - 143409
N/A,M F,Santokh singh,Village madanheri ,cholta khurd Mohali sas NAGAR , Village madanheri ,cholta khurd Mohali sas NAGAR , Village madanheri - 140301
N/A,Krishna Saw mill,Durga Dass,Vill-Jugial , Tehsil & District Pathankot , Jugial - 145029
N/A,KARANDEEP SINGH S/O SUKHWINDER SINGH,KARANDEEP SINGH,VILLAGE CHEEMA KHURD, , TEHSIL PATTI .  DISTRICT  TARN TARAN, CHEEMA KHURD - 143419
N/A,BRAR INDUSTRIES,GURBHEJ SINGH,M/s BRAR INDUSTRIES, KHATONI NO. 1482, KHAWET NO 944/897, DODE WALA - 152117
N/A,M/s Khalsa Wood Works ,Sukhjinder Singh ,Abdal , Tehsil & Disst. Amritsar, Abdal - 143502
N/A,GURPREET SINGH S/O TEK SINGH,GURPREET SINGH,VILLAGE  CHUSLEWARH,  TEHSIL  PATTI, DISTRICT TARN TARAN,  CHUSLEWARH/TARN TARAN - 143304
N/A,Jindal Organic Industries,Sanjana Jindal,Near Indian Oil Petrol Pump, Village Mainpur Badali, Khuwaspura, Village Mainpur Badali - 140001
N/A,Sehmi furniture house,Sukhdev singh,Sukhdev singh s/o basant singh , H1/5 ramdass Avenue bye pass chownk, Batala road verka amritsar , Verka - 143501
N/A,Gurpreet Saw Mill,Gurpreet Singh,V.P.O Mullanpur, Garib Dass, Mullanpur Garib Dass - 140901
N/A,Avtar Arra Machine,Avtar Singh,Vill-Ram Tirath Kaler., Khase wala Mod., Ram Tirath Kaler - 143107
N/A,Pardeep Fire Wood,Pardeep Kumar,House No-8, Abadi Guru Nanak nagar, Verka, Verka - 143501
N/A,MANOHAR SAW MILL,MANOHAR SINGH,VPO, SATNAUR, TEHSIL GARHSHANKAR, SATNAUR - 144528
N/A,Kanoth Saw Mills ,Balkar Singh ,kalas kalan, Teh, koom Kalan, Distt. Ludhiana. , kalas kalan, Teh, koom Kalan, Distt. Ludhiana. , kalas kalan, Teh, koom Kalan, Distt. Ludhiana. , kalas kalan, Teh, koom Kalan, Distt. Ludhiana.  - 141126
N/A,Shri Guru Nanak Dev Saw Mill,Kuldeep Singh,Asmanpur, P. O. Nurpur Bedi, Tehsil Anandpur Sahib, Asmanpur - 140117
N/A,M/s Gobind Timber Store,,Gobind Singh,Narwana Road, Khanouri, Sangrur , Khanouri - 148027
N/A,Sukhpawan Singh,Sukhpawan Singh,Village-Harike, Teh.Patti, Distt.Tarn Taran, Harike - 143412
N/A,Bedi Traders,Jang Bhadur Bedi ,Village Trehti , Tehsil Dhar Kalan, District Pathankot, Trehti  - 145001
N/A,Tarsam Singh Saw Mill,Tarsam Singh,Jalal Gurusar Road,, Vivak Ashram, Jalal, Jalal, Jalal - 151105
N/A,M/s Bhola Singh S/0 Sardara Singh,Bhola Singh,Vada Vehar , Pharwahi Barnala , Punjab 148101, Pharwahi Barnala  - 148101
N/A,AMARDEEP SINGH S/O BALWINDER SINGH,AMARDEEP SINGH,BATALA ,ROAD NEAR RAILWAY PHATAK, VERKA ,, AMRITSAR-II, AMRITSAR - 143501
N/A,M/s Shaheen Saw Mall & Timber Traders,,Sultan mohammad,Jaspalon , Vill Chak Sarai , Tehsil Khanna, Distt Ludhiana , Chak Sarai  - 141421
N/A,JAGDISH SAW MILL,JAGDISH SINGH,VILLAGE ADHOWAL, NEAR PETEOL PUMP, DASUYA ROAD, 144208 - 144208
N/A,Mohinder Pal Saw Mill,Mohinder Pal ,Bhaddi Road Balachaur Distt. SBS Nagar, Bhaddi Road Balachaur Distt. SBS Nagar, Bhaddi Road Balachaur Distt. SBS Nagar, Balachaur  - 144522
N/A,M/S Balwinder Singh Saw Mill ,Balwinder Singh,Village Jakhwali , Fatehgarh Sahib, Punjab, Village Jakhwali  - 147004
N/A,Gurdev Singh Saw Mill Vill + P.O. Massewal Distt. Ropar,Gurdev Singh,Village Massewal, P. O. Massewal, Tehsil Anandpur Sahib, Village Massewal - 140115
N/A,Baba Chirag Ji Saw Mill,Kashmira,Factory Area, Dera Baba Jaggu Shah , Kapurthala, Kapurthala - 144601
N/A,HARDEEP SINGH S/O ANOKH SINGH,HARDEEP SINGH,VILLAGE FATEHABAD, TEHSIL KHADOOR SHAIB, DISTT TARN TARAN, FATEHABAD - 143407
N/A,Amandeep Timber Works,Sonu,Fatehgarh, Shukarchek, Block Verka , Fatehgarh Shukarchek - 143501
N/A,Ajit Arre Wale & Sons,Ajit Singh,H.No 1656, Guru Nanak Nagar, Verka, Amritsar - 143501
N/A,M/s K.S Timmber Store ,Krishan Singh,Near Sugar Mill , Jakhal Road ,Vill. Hamjheri , Tehsil,Patran Distt Patiala, Vill. Hamjheri ,Tehsil Patran - 147105
N/A,PONAHARI WOOD PRODUCTS,SARU AGGARWAL,PONAHARI WOOD PRODUCTS, AMLOH ROAD , KHANNA, KHANNA - 141401
N/A,HARDEEP SINGH S/O CHARAN SINGH,HARDEEP SINGH,VILLAGE  BARGARI, TEHSIL .PATTI, DISTT ,TARN TARAN, TARN TARAN - 143304
N/A,MANJEET KAUR W/O KASHMIR SINGH,MANJEET KAUR ,VILLAGE  CHUSLEWARH,  TEHSIL  PATTI, DISTRICT TARN TARAN, PATTI - 143304
N/A,Naresh Saw Mill,Naresh kumar,VPO Dhaula Kheri, Tehsil Mukerian, Dhaula Kheri - 144205
N/A,BHUPINDER SINGH S/O MAHIL  SINGH,BHUPINDER SINGH,PATTI, MANAKPURA,, TARN TARAN, PATTI - 143304
N/A,Punjab Timbers,Sandeep Gupta,Plot No. 165, Sector 82 Mohali, Mohali - 160055
N/A,HARDEV SINGH VIRDI COMPANY,HARDEV SINGH,VILLAGE HARSE CHHINA  , KUKRANWALA,, KUKRANWALA - 143101
N/A,H.S. WOOD WORKS,HARCHARANJIT SINGH,PATTI , DISTRICT TARN TARAN, PATTI  - 143416
N/A,A S Trading ,Amarjit singh,Bhaddi Road Balachaur , Bhaddi Road Balachaur , Bhaddi Road Balachaur , Balachaur  - 144521
N/A,Lovely Wood Work,Gurjinder Singh,GURJINDER SINGH, S/O BALDEV SINGH, VILLAGE SOHAL THATHI, SOHAL THATHI - 143302
N/A,HARBHAJAN SINGH  S/O ISHAR SINGH,HARBHAJAN SINGH,VILLAGE FATAHPUR ,CHABAL ROAD, TEHSIL AND DISTRICT  AMRITSAR, AMRITSAR - 143001
N/A,M/S Balwinder Singh S/o Surjit Singh,Balwinder Singh,Bhatiwal Kalan , Bhawanigarh, Sangrur, VPO Bhatiwal Kalan - 148026
N/A,SAGGU WOOD WORKS,SATWANT  SINGH,KANDIYALA ROAD, , PATTI, TARN TARAN, KANDIYALA ROAD - 143416
N/A,SARWAN FURNITURE HOUSE,SARWAN SINGH,CHOWNK BHANDEYAAN WALA, PATTI TARN TARAN, PATTI TARN TARAN - 143416
N/A,Gurpreet Singh,Gurpreet Singh,VPO Kairon, Hamo ki Patti, Near Gurudwara baba Suwaha Singh, Kairon - 143415
N/A,Sandhuwood works,Wassan Singh,industrial Area Plot no. C117, focal point malout, Industrial Area Plot no. C-117 focal point malout, Industrial Area Plot no c-117 focal point malout, Malout - 152107
N/A,Ranjit Singh,Ranjit Singh,VPO Gaggarbhana, Baba Bakala, Amritsar, Gaggarbhana - 143205
N/A,Hemkund Wood Works Patti,Naveen Gaurav,Vishal Colony, Ward No 13, Patti, Patti City - 143416
N/A,M/S Balwant Wood Works,Balwant Singh,Collage Road, Near Dushera Ground, Patti, Patti City - 143416
N/A,M/S  Harjinder Singh,Harjinder Singh,Vpo Gharyala, Tehsil Patti, Tarn Taran, VPO Gharyala - 143416
N/A,Sarbjit singh,Sarbjit singh,vpo . Pringri, Patti, Tarn Taran, vpo.Pringri - 143412
N/A,Komal Furniture House,Sulakhan Singh,Village Madanheri, badala road, Near Kharar, Madanheri - 140301
N/A,SHABAD TRADING CO.,JATINDER SINGH,NEAR MODERN MARBLE,, JIWAN NAGAR, KOTKAPURA - 151204
N/A,Harjinder Singh,Harjinder Singh,VPO Jallupur Khera, Amritsar, Punjab, Village Jallupur Khera - 143112
N/A,Hira Singh,Hira Singh,Vpo Thatha, Tarn Taran, Punjab, Village Thatha - 143416
N/A,M/S Ram Garia Wood Works,Amritpal Singh,VPO Jaura, Tarn Taran, Punjab, VPO Jaura - 143415
N/A,Bava Singh,Bava Singh,Algon Kothi, patti, Tarn Taran, Village Algon Kothi - 143419
N/A,G B Enterprises ,Gurpreet Singh,Mullanpur Road Humbran Tehsil Mullanpur Distt. Ludhiana, Mullanpur Road Humbran Tehsil Mullanpur Distt. Ludhiana, Mullanpur Road Humbran Tehsil Mullanpur Distt. Ludhiana, Humbran  - 141001
N/A,Vishavkarma Wood Works,Satnam Singh,VPO Dhirekot, Amritsar, Punjab, VPO Dhirekot - 143149
N/A,Puneet traders,Narinder kumar ,Bhaddi road balachaur , Bhaddi road balachaur , Bhaddi road balachaur , Balachaur  - 144521
N/A,Hari Om trader,Hari Om ,Bhaddi road balachaur , Bhaddi road balachaur , Bhaddi road balachaur , Balachaur  - 144521
N/A,Dhiman Wood Works And Saw Mill,Raj Kumar,Village Sahota, P. O. Anandpur Sahib, Tehsil Anandpur Sahib, Sahota - 140118
N/A,Gurpreet Singh Saw Mill,Gurpreet Singh,Mullanpur Road Humbran Distt. Ludhiana, Mullanpur Road Humbran Distt. Ludhiana, Mullanpur Road Humbran Distt. Ludhiana, Humbran - 141001
N/A,Sohal Furniture House,Sawaranjit Singh,Sohal Thathi, Tarn Taran, Sohal Thathi - 143302
N/A,M/S Kotliwale Wood Works,Baj Singh,Bahadur Nagar, Adda Valtoha, Patti, VPO Valtoha - 143416
N/A,M/s Gobind Timber Store,,Harjeet Singh,Narwana Road, Khanouri, Sangrur , Khanouri - 148027
N/A,M/S Gurbir Wood Works,Gurbir Singh,VPO Bhagupur, Near Airtel Tower, patti, VPO Bhagupur - 143416
N/A,Golan wood works,Sukhdev Singh,Alamwala teh-malout, Alamwala teh-malout, Alamwala teh-malout, Alamwala/Malout - 151210
N/A,Baldev Singh,Baldev Singh,Ward No 18, Backside Gaushalla Road, Mansa, Mansa, MANSA - 151505
N/A,M/S New Ramgaria Wood Works,Gurpreet Singh,Harike Road, Village Pringrhi, Tarn Taran, Village Pringrhi - 143412
N/A,M/S Mahinder Singh Wood Works,Mahinder Singh,VPO Gharyala , Near Sahida Wala Road, Patti, VPO Gharyala - 143416
N/A,Gurmukh Singh Wood Star,Dial Singh,Beas, Near HDFC Bank, Amritsar, Beas - 143201
N/A,M/S Gurdev Singh,Gurdev Singh,Mehta Chowk, Tehsil Baba Bakala, Amritsar, Village Mehta Road - 143114
N/A,M/S Dhan Dhan Baba Bhuda Sahib Wood Works,Avtar Singh,Khemkaran Road, Ward No 16, Patti, KhemKaran - 143416
N/A,Guru Nanak Furniture,Jaspal Singh,VPO Tarsika, Teh. Tarsikka, Amritsar, VPO Tarsika - 143116
N/A,Kamboj wood works,Davinder Singh,Village Burj sidhwan teh Malout disit Sri muktsar Sahib, Village Burj sidhwan teh Malout disit Sri muktsar Sahib, Village Burj sidhwan teh Malout disit Sri muktsar Sahib, Burj sidhwan/Malout - 152107
N/A,Surjit saw Mill,Surjit Singh,Village Dadwan P.O Gho , Tehsil & District Pathankot , Pathankot - 145001
N/A,Sandeep Saw Mill,Sandeep Singh,Vill Parowal, Gurdaspur, Gurdaspur - 143602
N/A,Preet trading,Manpreet Singh,Bhaddi Road Jogewal, Bhaddi Road Jogewal, Village Jogewal, Village:Jogewal Teh:Balachaur - 144521
N/A,Ragbothra Saw Mill,Jaswant Singh,Gahlari Road , Adda Behrampur, Gurdaspur - 143521
N/A,Saggu Aarra Machine,Surjit Singh,VPO Bhikhiwind , patti Road, Ward no 3, VPO Bhikhiwind - 143303
N/A,M/S Lakhwinder Singh Wood Works,Lakhwinder Singh,Vpo Valtoha, Patti, Tarn Taran, Village Valtoha - 143416
N/A,Satnam Singh S/o Sarabjit Singh ,Satnam Singh ,Adda Mannaa, Aima Kalan, Tarn Taran , Amritsar - 143301
N/A,Dasmesh Furniture Works,Narinder Singh,Vanieke, Tehsil Lopoke, Amritsar, Vanieke - 143109
N/A,Satnam Singh S/o Gurmej Singh ,Satnam Singh ,Chabal Road, Ibban Kalan , Amritsar , Amritsar - 143009
N/A,M/S Baba Bidhi Chand Sahib ,Sukhvinder Singh,VPO Ghurk Wind, Kacha Pacca, Patti, Village Ghurk Wind - 143304
N/A,Hanspal Wood Works,Gurmukh Singh,VPO Buttar, Tehsil Baba Bakala, Amritsar, Village Buttar - 143205
N/A,Om Packers,Raj Kumar,Sahnewal Road, Ram Garh , Ludhiana, Ramgarh Ludhiana - 141120
N/A,M/s Jodhbir Singh S/o Satnam Singh ,Jodhbir Singh,Dhariwal Kaler , Ajnala Amritsar , Amritsar - 143102
N/A,M/S Akash Wood Works,Lakhwinder Singh,Ward no 13, patti, Tarn Taran, City Patti - 143416
N/A,M/S Baba Sant Khalsa Ji,Mohan Singh,VPO Dubli, Tehsil Patti, Tarn Taran, Vpo Dubli - 143416
N/A,Happy Kumar s/o Sh Pawan Kumar , Cheema Traders,M/S Happy Kumar S/o Sh Pawan Kumar,Sunam Mansa Road, Bir Kalan, Cheema, Village Cheema  - 148028
N/A,KULWINDER SINGH GOODS WORKS,KULWINDER SINGH,CHABHAL ROAD IBBAN KALAN, AMRITSAR-1, IBBAN KALAN - 143001
N/A,M/s mahant Enterprpises,Maninder Pal Singh ,Rampura Road , Near Reliance Fresh, Daburji, Amritsar, Amritsar - 143001
N/A,supreme timber products,Sukhwinder Singh,Plot No.: E 10, Industrial area , Phase- 7, Sahibzada Ajit Singh Nagar - 160059
N/A,Supreme Timber,Ajit Singh,C-151, Industrial Area , Phase - 7, Sahibzada Ajit singh nagar  - 160059
N/A,satnam  singh wood works,Malkit  singh,VPO.Manakpura, Patti, Tarn Taran, VPO.Manakpura - 143304
N/A,Pala singh wood works,Jaspal singh,vpo chabhal, Tarn Taran, Tarn Taran, vpo chabhal - 143301
N/A,Manjit singh,Manjit singh,vpo  Bargari,Kacha Pacca, Patti, Tarn Taran, vpo  Bargari,Kacha Pacca - 143304
N/A,AMAR TRADING CO.,Amarjit Kumar,Bhadi Road Balachaur Near JK Palace  District Shaheed Bhagat Singh Nagar, Bhadi Road Balachaur Near JK Palace  District Shaheed Bhagat Singh Nagar, Bhadi Road Balachaur Near JK Palace  District Shaheed Bhagat Singh Nagar, SHAHEED BHAGAT SINGH NAGAR - 144521
N/A,MF,Santokh Singh,Village Madanheri, SAS Nagar Mohali, Village Madanheri - 140301
N/A,M/S Matharu Wood Works,Rajwinder singh,vpo.Pangota , Patti, Tarn Taran, vpo.Pangota  - 143410
N/A,Sandhu wood works,Jasveer kaur,Village Alamwala teh-malout dist Sri muktsar Sahib, Village Alamwala teh-malout dist Sri muktsar Sahib, Village Alamwala teh-malout dist Sri muktsar Sahib, Alamwala/Malout - 151210
N/A,Bumrah Wood Works,Harjinder Singh,Vpo Thathian, Baba Bakala Sahib, Amritsar, Village Thathian - 143205
N/A,Narinder Singh,Narinder Singh,Makowal, Ajnala, Amritsar, Makowal - 143103
N/A,Saggu furniture works,Ranjit Singh,Chogawan, Lopoke, Chogawan - 143109
N/A,Karanraj Singh,Karanraj Singh,Chawinda Kalan, Lopoke, Chawinda Kalan - 143109
N/A,Mod furniture works,Gurdev Singh,Chogawan, Tehsil Lopoke, Chogawan - 143109
N/A,KALYAN INDUSTRY ,PAWANDEEP SINGH,TARN TARAN, PAWANDEEP SINGH S/O BALDEV SINGH, VILL- MURADPUR, TARN TARAN - 143401
N/A,Avtar singh wood works,Avtar singh,vpo.Kot budha, Patti, Tarn Taran, vpo.Kot budha - 143416
N/A,M/S Baba vir singh ji trending company wood  works,Hardeep singh,VPO. Bhangala, Patti, Tarn Taran, VPO. Bhangala - 143416
N/A,Anoop Singh Sagu Wood Works,Mehar Singh,Sarhali Road, Ward no 7, Patti, Sarhali Road Patti - 143416
N/A,M/S Balwinder Singh Wood Works,Balwinder Singh,Mughal Chak, Takhu Chak Sakhira Road, Naushera Pannuan, Mughal Chak - 143401
N/A,Guru Nanak furniture Works,Gurnam Singh,Chogawan, Tehsil Lopoke, Chogawan - 143109
N/A,RAGHAV TIMBERS ,saakshi nirwania,Mubarikpur road , near dav school, dera bassi - 140507
N/A,Jasbir Masih,Jasbir Masih,vpo. Bhikhiwind, Patti, Tarn Taran, vpo. Bhikhiwind - 143303
N/A,Malkit Singh Arre Wale,Malkit Singh,Abdi Rori, Majitha, Teh-Majitha, Amritsar - 143601
N/A,Ajit Singh S/o Jalla Singh,Chhinder Singh,village Jhugge  Lal Singh, Behak Hasta Uttar, Ladhuka, Fazilka - 152123
N/A,Parmjit kaur Wood Works,Parmjit kaur,ward number 2 kula road,patti, Patti, Tarn Taran, ward number 2 kula road,patti - 143416
N/A,Prince Kamboj Saw Mill,Prince Kamboj,Village , Hauj Khas, Teh Arniwala Sheikh Subhan, Hauj Khas - 152123
N/A,Teja Singh Saw Mill,Teja Singh,Village Kabool Shah khuban, village kabool shah khuban, Village Kabool Shah Khuban, Fazilka - 152123
N/A,Raj Singh Saw Mill,Raj Singh,Village, Behak Hasta, Uttar, Fazilka - 152123
N/A,Malwinder Singh M/s Charan Singh & CO,Malwinder Singh,Village Sayan Khurd, Tehsil Dehlon, Distt. Ludhiana., Village Sayan Khurd, Tehsil Dehlon, Distt. Ludhiana., Village Sayan Khurd, Tehsil Dehlon, Distt. Ludhiana., Village Sayan Khurd, Tehsil Dehlon, Distt. Ludhiana. - 141118
N/A,Balwant Singh Saw Mill,Balwant Singh,Village, Lakhe ke, Uttar, Fazilka - 152123
N/A,PONAHARI WOOD PRODUCTS,SARU AGGARWAL,AMLOH ROAD, KHANNA, KHANNA - 141401
N/A,Gurbhej singh wood works,Gurbhej singh,vpo.kulla, kacha pacca, Patti, vpo kulla - 143304
N/A,NARINDER PAL  GULSHAN TRADING CO ,,M/S Narinder Pal S/o Sh Sarup Chand,GULSHAN TRADING CO ,, Near HP Petrol Pump, Kauhrian Road Dirba, Dirba - 148035
N/A,Ms SH Packaging,Rajinder Singh,Back side Alamgir Sahib Malerkotla Road Opp Milk Product Near Bala ji Pertrol Pump Ludhiana, Back side Alamgir Sahib Malerkotla Road Opp Milk Product Near Bala ji Pertrol Pump Ludhiana, Back side Alamgir Sahib Malerkotla Road Opp Milk Product Near Bala ji Pertrol Pump Ludhiana, Back side Alamgir Sahib Malerkotla Road Opp Milk Product Near Bala ji Pertrol Pump Ludhiana - 141116
N/A,Komal Furniture House,Sulakhan Singh,Village Madanheri, badala road, Near Kharar, Madanheri - 140301
N/A,M/S Ravinder Singh S/o Gurcharan Singh,Sh Ravinder Singh S/o Sh Gurcharan Singh,Sullarghrat, Teh.Sunam, Sullar, Village Sullarghrat - 148035
N/A,Baljit Singh S/o Bhajan Singh,M/S Baljit Singh S/o Sh Bhajan Singh,Gahu Patti, Ward No 9, Longowal, Village Longoal - 148106
N/A,Joginder Kaur Saw Mill,Joginder Kaur,Village Fatehgarh, Ladhuka, Fazilka - 152123
N/A,M/s Baldev Singh S/o Tara Singh ,Baldev Singh ,Verowal Road , Jandiala Guru, Tehsil Amritsar, Amritsar - 143115
N/A,Taari Furniture House ,Jagtar Singh S/o Sh Bhola Singh,Dhaliwal Patti, Near Gaushala Road, Chhajli, Chhajli - 148030
N/A,Rakesh Kumar Longowal Saw Mills,Rakesh Kumar S/O Sh Desa Singh,Near Gurdwara , Longowal, Badbar Longowal Road, Longowal - 148106
N/A,NIRMAL SINGH S/O BOHAR SINGH,NIRMAL SINGH,VILLAGE GANDIWIND TARN TARAN, PUNJAB, GANDIWIND  - 143410
N/A,Jasbir singh Wood Works,Jasbir singh,vpo.sur singh, Patti, Tarn Taran, vpo.sur singh - 143302
N/A,jai maa saw mill,goverdhan lal,plot no  E-89, focal point chanalon, kurali,distt. s.a.s nagar, focal point chanalon - 140103
N/A,Dyal Timber merchant,Daan Singh,Begowal Road, Nadala, Nadala - 144624
N/A,Kanoth Saw Mills ,Balkar Singh ,Village kalas kalan Tehsil Koom Kalan District Ludhiana, Village kalas kalan Tehsil Koom Kalan District Ludhiana, Village kalas kalan Tehsil Koom Kalan District Ludhiana, Village kalas kalan Tehsil Koom Kalan District Ludhiana - 141126
N/A,Sharanjit Kaur W/o Arjun Singh ,Sharanjit Kuar ,Gharinda Adda,, Gharinda Amritsar, Amritsar - 143107
N/A,Hardeep singh wood works,Hardeep singh,vpo. Sur singh, Patti, Tarn Taran, vpo. Sur singh - 143302
N/A,Sabeg singh wood works,Sabeg singh,vpo.Sarahli Mandan kalan, Patti, Tarn Taran, vpo.Sarahli Mandan kalan - 143415
N/A,PAMMA SAW MILL,MANIK SINGH,G T ROAD GHAROTA MORH DINANAGAR, POST OFFICE DINANAGAR, TEHSIL DINANAGAR, VILLAGE TALWANDI - 143531
N/A,HARMAN SAW MILL,HARMESH LAL,VPO, JIVANPUR GUJJRAN, TEHSIL GARHSHANKAR, GARHSHANKAR - 144531
N/A,M/s Hardeep Singh Tranding Company,Hardeep Singh ,Viilage Palasaur Near Baba Jiwan Singh Cannoli  , Tarn Taran , Amritsar - 143401
N/A,LAVANYA INTERNATIONAL,SAHIL JHANJI,BACK SIDE HARA DAIRY FARM, VILLAGE KANGANWAL INDUSTRIAL  AREA C, DAIRY FARM, VILLAGE KANGANWAL - 141017
N/A,Laha Wood Craft,Gurmukh Singh,Village Ballowal, Ludhiana, Village Ballowal, Ludhiana, Ludhiana, Village Ballowal - 141202
N/A,Badwal Timber Store,Surinder Singh,Village - Oharpur , P/O - Tanda, Tehsil - Dasuya, Urmar Tanda, Village - Oharpur , Urmar Tanda - 144204
N/A,Badwal Timber Store,Surinder Singh,Village - Oharpur , P/O - Tanda ,Urmar Tanda, Tehsil - Dasuya, Urmar Tanda, Village - Oharpur , Urmar Tanda - 144204
N/A,Sahajpreet Saw Mill,Sahajpreet Singh,Village Behak khas, Village Behak khas, village Behak khas, village Behak khas - 152123
N/A,Daljeet Singh Saw Mill,Daljeet Singh,Chak ,  Arain , wala, Jalalabad - 152123
N/A,New Punni Saw Mill ,Harbhajan Singh ,VPO Bazid Pur Bhoma , VPO Bazid Pur Bhoma , VPO Bazid Pur Bhoma , VPO Bazid Pur Bhoma  - 152116
N/A,R K Trader,Rakesh Malpotra ,Village Dehriwal P.O Sarna Near Gaushalla, Tehsil & District Pathankot , Dehriwal - 145001
N/A,Darshan Singh S/o Sh Sewa Singh,Sh Darshan Singh,Maan Patti, Sekha, Village Link Road, Village Sekha - 148024
N/A,Babbu Singh Saw Mill,Babbu SIngh,Anandpur , Mohalla, Fazilka, Fazilka - 152123
N/A,RODE SAW MILL,HARNEK SINGH BHACCHU,OPP sadar thana, GT ROAD, GHALKALAN, GHALKALAN - 142001
N/A,Guru Nanak Wood & Charcoal ,Karamjit Singh ,G T Road Malout opp Lakkar Mandi , G T Road Malout opp Lakkar Mandi , G T Road Malout opp Lakkar Mandi , Malout  - 152107
N/A,Sher Singh saw Mill ,Lakhwinder Singh ,Malout Road Village GobindGarh, Malout Road Village GobindGarh , Malout Road Village GobindGarh , Malout Road Village GobindGarh  - 152116
N/A,Kapil Bhateja Saw Mill,Kapil Bhateja,Fazilka, Ferozepur, Road, Fazilka - 152123
N/A,Parminder Singh Saw Mill,Parminder Singh,Bhindran to Ghabdan, Phirni Road, Ghabdan, Village Ghabdan - 148001
N/A,DASHMESH TIMBER & SAW MILLS,Paramjit Kaur,NH 05, TEH. KHARAR, , VILLAGE RURKI PUKHTA, SAS Nagar, Punjab, 140301, RURKI PUKHTA - 140301
N/A,Gurdeep Singh Saw Mill,Gurdeep Singh,village Lakhe ke Uttar, Ladhuka, Mandi, Fazilka - 152123
N/A,M/S Guru Nanak Saw Mill ,Harpal Singh ,Peori Road Near Water Works Gidderbaha , Peori Road Near Water Works Gidderbaha , Peori Road Near Water Works Gidderbaha , Peori Road Near Water Works Gidderbaha  - 152101
N/A,Satnam singh saw mill,Satnam singh,Bhaddi road balachaur , Bhaddi road balachaur , Bhaddi road balachaur , Balachaur  - 144521
N/A,A S Tradings co,Amarjit singh,Bhaddi Road balachaur , Bhaddi Road balachaur , Bhaddi Road balachaur , Balachaur  - 144521
N/A,Sonu Furniture House,Harbhal Singh,Vill-Chainpur, Tehsil Lopoke, Distt. Amritsar, 143101 - 143101
N/A,Singh furniture House,Hardeep Singh,Vill-Kohali, Tehsil Lopoke, Distt. Amritsar, Vill-Kohali - 143109
N/A,Parveen Singh Saw Mill,Parveen Singh,Kuther P.O Sionty, Tehsil & District Pathankot , Kuther - 145001
N/A,M/s Amar Trading Co.,Amarjit Kumar,Bhadi Road  Balachaur Near J.K Saini Palace , Distt. SBS Nagar., Bhadi Road  Balachaur Near J.K Saini Palace , Distt. SBS Nagar., Bhadi Road  Balachaur Near J.K Saini Palace , Distt. SBS Nagar., Balachaur  - 144521
N/A,Jai shree balaji saw mill ,Mukesh Kumar ,Peori Road Near Water Works Gidderbaha , Tehsil Gidderbaha , Dist.Sri Muktsar Sahib, Peori Road Near Water Works Gidderbaha  - 152101
N/A,Harjeet singh wood works,Harjeet Singh,vpo. Narli, Patti, Tarn Taran, vpo. Narli - 143305
N/A,M/s Mishra Tradres ,Vijay Parkash Mishra,Plot No.24, Kashi Kallan Mandi,Lakkar Shop corner, Ludhiana, Kashi Kallan - 141003
N/A,Yog Shanti Traders,Guraj Pal,C-16 Industrial Area , Phase-1, Mohali, Mohali - 160055
N/A,Mohd Shehzad,Mohd Shehzed,Abaspura, Haidar Nagar, Malerkotla, Malerkotla - 148023
N/A,KARNAIL SINGH & SONS,KARNIAL SINGH,VILLAGE THUNDI, POST OFFICE DORANGLA, TEHSIL DINANAGAR, GURDASPUR - 143526
N/A,Kanta Rani Saw mill,Kanta Rani,VPO Chanian, Distt. Jalandhar, Chanian - 144033
N/A,Palwinder Singh Saw Mill,Palwinder Singh,Village, Mullianwali, Mullianwali - 152123
N/A,SAT SAHIB TRADING CO,RATTAN LAL,BHADDI ROAD, BALACHAUR, BALACHAUR - 144521
N/A,Paramjeet Singh ,Paramjeet Singh,Village Kakkon, Teh Hoshiarpur, Distt Hsp, Village Kakkon - 146001
N/A,Paramjit Singh SawMill,Paramjit Singh,Village, Jamal, Ke, Fazilka - 152123
N/A,Gurbhej Singh Saw Mill,Gurbhej Singh ,Village, Dode Wala, Abohar - 152123
N/A,Balwinder Singh Aare Wala,Balwinder Singh,Pind Attalgarh, P.O. Modde, Teh. Amritsar-2, Block Attari, Attari - 143108
N/A,M/S Hari Ram Pirthi Raj & Son's ,Rajinder Kumar ,Vill Waryam Khera , Tehsil Abohar , Dist Fazilka , Vill Waryam Khera  - 152116
N/A,M/S Sharan industry ,Vicky Singh ,Malout Road Back side PWD office , Tehsil Abohar , Dist Fazilka , Abohar  - 152116
N/A,M/S Jaswinder Singh Saw Mill ,Jaswinder Singh ,Malout Road Back side PWD office Abohar , Tehsil Abohar , Dist Fazilka , Abohar  - 152116
N/A,GURU NANAK TRADING COMPANY, DOOMWALI,JAGTAR SINGH,VILLAGE DOOMWALI, P.O. PATHRALA, BLOCK SANGAT, VILLAGE DOOMWALI - 151401
N/A,M/S Amandeep Singh Saw Mill Abohar ,Amandeep Singh ,Malout Road Back side PWD office , Tehsil Abohar , Dist Fazilka , Abohar  - 152116
N/A,Balvir Singh Saw Mill,Balvir Singh,VPO Baghpur, Tehsil and District Hoshiarpur, Hoshiarpur, Baghpur - 146001
N/A,Balvir Singh Saw Mill,Balvir Singh,VPO Baghpur, Tehsil and District Hoshiarpur, Baghpur - 146001
N/A,M/S Kashmir Singh and son's Saw Mill ,Kashmir Singh ,VPO Paniwala fatta , Tehsil Malout , Dist.Sri Muktsar Sahib, VPO Paniwala fatta  - 151210
N/A,M/S Paramjit Singh Tandeara Saw Mill ,Paramjit Singh ,VPO Channu , Tehsil Malout , Dist.Sri Muktsar Sahib, VPO Channu  - 152101
N/A,Jarnail Singh,Jarnail Singh,Ghoranab Road, Tibba Basti, VPO Kauhrian, Villlage Kauhrian - 148030
N/A,Baba Bidhi Chand Timer and Furniture Works ,Gurpreet Singh ,Gobindwal Bypass Tarn Taran , Near Punjab Palace Tarn Taran , Tarn Taran  - 143401
N/A,Gurmail Singh Saw Mill ,Gurmel Singh ,Bhangewala, Tehsil Muktsar , Dist.Sri Muktsar Sahib, Muktsar  - 152026
N/A,M/S Ramdas Saw Mill ,Ram Das,VPO Dabra , Tehsil Sri Muktsar Sahib , Dist Sri Muktsar Sahib , Dabra  - 152032
N/A,Sahibjeet Timber & Plywood Merchants,Sahibjeet Singh,Ram Pura Road,Opp Gill Resorts, Daburji GT Road Amritsar, Amritsar, Amritsar - 143001
N/A,Gurjant Singh S/o Sh Mohinder Singh Village Jahangir, Tehsil Dhuri Distt. Sangrur,Gurjant Singh,Dhuri, Sherpur Road, Jahangir, Jahangir - 148024
N/A,Bhim Singh S/o Sh Dya Singh Village Ghanaur Kalan Tehsil Dhuri Distt. Sangrur ,Bhim Singh,Sherpur Road, KM 5-6 , Dhuri, Village Jahangir - 148024
N/A,Gurmailram&sons,Kashmir Kaur,Bhaddi Road, Bhaddi Road Balachaur, Balachaur - 144521
N/A,M/S Kulwinder Singh Channi Saw Mill ,Kulwinder Singh ,Village Khudian Gulab Singh , Tehsil Malout , Dist Sri Muktsar Sahib , Village Khudian Gulab Singh  - 152113
N/A,Gurdev Singh Saw Mill,Gurdev Singh,Village, Arniwala, Sheikh Suban, FAZILKA - 152123
N/A,Gurpreet Kaur Saw mill,Gurpreet Kaur,Damulian, Nadala, Tehsil Bhulath, Damulian - 144624
N/A,R.K Enterprises,Vikas Kalra,Agarwal , colony, Jalalabad, Jalalabad - 152123
N/A,M/s Surinder Kumar S/o Jagdish Chander ,Surinder Kumar ,Village Bharariwal urban , Tehsil & District Amritsar , Amritsar - 143006
N/A,Gurdev Singh Saw Mill,Gurdev Singh,Arniwala, Sheikh Subhan, FAZILKA - 152123
N/A,S.S.Timber Traders,Surjit Singh,Village Adamwal, Dasuya road , Hoshiarpur, HOSHIARPUR - 144208
N/A,New Khokhar Timber Store,Goornoor Singh,VILL BAD MAJRA, TEHSIL MOHALI, DISTT SAS NAGAR, MOHALI - 140302
N/A,Kuldip Rubber Industries,Jasvinder Singh,S-76 Kuldip Rubber , Industrial Area, Jalandhar - 144004
N/A,M/s Rajinder Kumar S/o Jagdish Chander ,Rajinder Kumar ,Angarh Bharariwal Road outside gate Hakima, , near Kundra Hardware Store , Amritsar - 148034
N/A,M/S Jasvir Singh Saw Mill ,Jasvir Singh ,Mandi Bariwala , Tehsil Muktsar , Dist.Sri Muktsar Sahib, Mandi Bariwala  - 152025
N/A,M/S Gurjant Singh Saw Mill ,Gurjant Singh ,Mandi Bariwala , Tehsil Muktsar , Dist Sri Muktsar Sahib , Mandi Bariwala  - 152025
N/A,M/S Bholla Sungh Saw Mill ,Bholla Singh ,Village chak Gillzwala , Tehsil Gidderbaha , Dist Sri Muktsar Sahib , Chak Gillzwala  - 152032
N/A,M/S Sant Baba Tara Singh ,Sukhdev Singh,Chohla Sahib, Chohla Sahib, Tarn Taran, Chohla Sahib - 143409
N/A,baldev singh,Baldev Singh ,Near Govt. Hospital Machhiwara Road, Samrala Pin code 141114, S/o Lekhram Garhi Tarkhana Teh. Samrala Distt. Ludhiana, Near Govt. Hospital Machhiwara Road, Samrala Pin code 141114, SAMRALA - 141114
N/A,Khakh Saw mill,Kuldip Singh, Vill Dalewal, Post Office Hariana, hsp dasuya road, HOSHIARPUR - 144208
N/A,Sunil Kumar Saw Mill,Sunil Kumar,Village Laher Jungath, PO Bhabhar, Teshil &  Distt Pathankot , Bhabhar - 145001
N/A,ARPINDER SNGH S/o ANUP SINGH,ARPINDER SINGH,KACHA ZIRA ROAD, KOTWAL, DISTT. FEROZEPUR, KACHA ZIRA ROAD, KOTWAL, DISTT. FEROZEPUR, KACHA ZIRA ROAD, KOTWAL, DISTT. FEROZEPUR, ferozepur - 152001
N/A,Teja Singh & Sons,Baljeet Singh,Village Lehra, Ludhiana malerkotla Road, Ludhiana, Village Lehra - 141118
N/A,M/s Amrit Lal Om Parkash,Yadav Khosla,Near Castle Toyota Show room, Kapurthala Road, Jalandhar - 144021
N/A,MEHNGA NASIB SAW MILL,GIAN SINGH,BULHOWAL, HSP TANDA ROAD, HSP, BULHOWAL - 146114
N/A,M/S Harmesh Singh Saw Mill ,Harmesh Singh ,Village Dhoolkot, Tehsil Gidderbaha , Dist Sri Muktsar Sahib , Village Dhoolkot  - 152031
N/A,M/s Major Singh S/o Jasbir Singh ,Major Singh ,614 Gali No. 9 Ward No. 61, Islamabad,,  Guru Nanak Pura, Amritsar , Amritsar - 143001
N/A,M/s Anand Ishwar wood works,Kuldeep Singh,Village  Alam wala , Teh- Malout, Disit- Shri Muktsar Sahib, Alamwala/Malout - 151210
N/A,M/S Sukhdev Singh Wood Works,Sukhdev Singh,Chohla Sahib, Tarn Taran, Tarn Taran, Chohla Sahib - 143408
N/A,Sri Krishna Timber World,Harchand Singh,Jagraon Road Near Malhotra Pump VPO Kothe Pona Distt Ludhiana, Jagraon Road Near Malhotra Pump VPO Kothe Pona Distt Ludhiana, Jagraon Road Near Malhotra Pump VPO Kothe Pona Distt Ludhiana, V.P.O Kothe Pona Distt Ludhiana - 142026
N/A,SAT SAHIB TRADING COMPANY,RATTAN LAL,BHADDI ROAD, BALACHAUR, BALACHAUR, BALACHAUR - 144521
N/A,SAT SAHIB TRADING COMPANY,RATTAN LAL,BHADDI ROAD, BALACHAUR, BALACHAUR - 144521
N/A,Baba Furniture House,Des Raj,Vill Bathanwal, P.O. Dodwan, Gurdaspur, Gurdaspur - 143521
N/A,M/S Mangat Singh Wood Works,Mangat Singh,Rani Walah, Rani Walah, Tarn Taran, Rani Walah - 143409
N/A,Ramco International,Vanish Jain,Dhogri Road, Near Pathankot chowk, Jalandhar, Dhogri Road - 144004
N/A,M/S RAJIV SAW MILL,Rajiv Bansal,KOTKAPURA BYPASS, MOGA , NEAR NIGHA ROAD, MOGA, MOGA - 142001
N/A,M/S Bholla Singh Saw Mill ,Omkar Singh ,Village Bhullar , Tehsil Sri Muktsar Sahib , Dist Sri Muktsar Sahib , Village Bhullar  - 152031
N/A,Veera Furnitures,Puneet Sharma,Awa Road, Vishavkarma Market, Kartarpur, Kartarpur - 144801
N/A,KASHYAP SAW MILL,VIJAY KUMAR,VILLAGE UCHHA DHAKALA, POST OFFICE BEHRAMPUR, TEHSIL DINANAGAR, SHAMSHERPUR  - 143532
N/A,M/S Mejor Singh Saw Mill ,Mejor Singh ,Panniwala Fatta , Tehsil Malout , Dist.Sri Muktsar Sahib, Village Panniwala Fatta  - 151210
N/A,Guru Nanak Saw Mill ,Kiranpal Kaur ,Maan Road Lambi , Tehsil Malout , Dist.Sri Muktsar Sahib, Village Lambi  - 152113
N/A,Amrik Singh S/o Bachan Singh ,Amrik Singh ,Dadupur Road, Majitha Amritsar , Amritsar - 143601
N/A,Jarnail Singh Saw Mil,Jarnail Singh,Vill Kothe Gharala, Gurdaspur, Gurdaspur, Gurdaspur - 143521
N/A,M/S JALWINDER SINGH SAW MILL,JALWINDER SINGH,Sadhanwala ,  ,  ,   - 151203
N/A,Nasib Khan S/o Sh Phool Deen,Sh Nasib Khan S/o Sh Phool Deen,Gularhi to, Bhulan , Link road, Gularhi - 148027
N/A,RAVINDER BHOGAL SAW MILLS,RAVINDER SINGH,RAVINDER BHOGAL SAW MILLS, OPP CHINTPURNI MATA MANDIR, V.PO-THOWANA - 144520
N/A,Rajinder Singh Saw Mill,Rajinder Singh,Village, Azamwala, Tehsil Fazilka, 152123 - 152123
N/A,SIMRAN TRADERS,JASWINDER SINGH,VILLAGE FATEHGARH NIARA, DISTT. HOSHIARPUR, FATEHGARH NIARA - 146022
N/A,Tarsem SIngh Saw Mill,Tarsem Singh,Village, Bakain, wala, Abohar - 152116
N/A,DASHMESH TIMBER & SAW MILLS,Paramjit Kaur,NH 05, TEH. KHARAR, , VILLAGE RURKI PUKHTA, SAS Nagar, Punjab, 140301, RURKI PUKHTA - 140301
N/A,Sh. Ravisher Singh S/o Ranjit Singh,Ravisher Singh,Kottla Sultan Singh , Tehsil Majitha , Amritsar - 143601
N/A,SUKHWINDER BANGI AND BROTHERS,NIRMAL SINGH,BANGI NIHAL SINGH WALA - RAGU BANGI ROAD, RAGU BANGI, BANGI NIHAL SINGH - 151301
N/A,Satguru Nanak Saw Mill ,Ranjodh Singh ,Village , Killianwali, Tehsil Abohar, Village Killianwali  - 152128
N/A,B N W Saw Mills.,Sukhwinder Singh,Village Patti Lahia, Hardo Namoh, P.O. Gardley, Hardo Namoh - 140114
N/A,Sh. Avtar Singh, Jagtar Sing S/o Savinder Singh ,Sh. Avtar Singh & Jagtar Singh,Village Majitha , Tehsil Majitha , Majitha  - 143601
N/A,Simran Traders,JASWINDER SINGH,Niara Road ,Piplan wala, hsp, HOSHIARPUR - 146001
N/A,BHULLAR ,RAVINDERPAL SINGH,PIR MOHAMMAD, FEROZEPUR, 142044, PIR MOHAMMAD - 142044
N/A,Indersen Saw Mill,InderSen,Village, kheo wali, Dhab, FAZILKA - 152123
N/A,Sh. Amandeep Singh S/o Manjit Singh,Amandeep Singh ,Village Majitha , Tehsil Majitha , Amritsar - 143601
N/A,Joginder Singh Saw Mill,Joginder Singh,Dhani Natha SIngh, Tehsil Dhandi Qadim, Jalalabad, Jalalabad - 152116
N/A,Florid Print & Pack Private Limited,Girish Mittal,Plot No 22 ,Ist Gole Chakkar , Factory Area ,Patiala,  Patiala, Patiala - 147001
N/A,Sohil Khan Saw Mill,Sohil Khan,Ganaur-Bhadarghar Raod, Ganaur, Rajpura, Patiala - 147001
N/A,Ajit Singh Saw Mill,Ajit Singh,Village , Mahuana, FAZILKA - 152123
N/A,Harteshwar Enterprises Pvt Ltd,Gagan Teshwar Singh Dhillon,Plot No -D30,31 , Focal point  Rajpura , Patiala , Rajpura - 140401
N/A,Baldev Singh Saw Mill,Baldev Singh,Village, Pander Kalan, Tehsil Majitha, Pander Kalan - 143606
N/A,Vishkarma Saw Mill,Tarlochan Singh,Village Allah Dadchak, Talwandi Choudhrian Road, Tehsil Sultanpur Lodhi, Allah Dadchak - 144626
N/A,SHREE GURU NANAK DEV SAW MILL,JASPREET KAUR,MAUR RAMPURA ROAD, OPPOSITE MALWA RESORT DIKH Bathinda, DIKH - 151509
N/A,Shahi Saw Mill, Kotla Road, Rupnagar,Ramaljit Kaur,Shahi Saw Mill, Kotla Road, Rupnagar, P.O. Rupnagar, Tehsil Rupnagar, Rupnagar - 140001
N/A,Narinder Singh Saw Mill,Narinder Singh,Malout Road, Village, Painchanwwali, FAZILKA - 152123
N/A,N.K Timbers & Allied Industries,Vijay sayal,Village Tarkhan majra, Tarkhanmajra-malakpur Road , Block-Sirhind, Tarkhan majra - 140406
N/A,Kashmir Singh Saw Mill,Kashmir Singh,Village, Patre wala, Tehsil Abohar, Abohar - 152116
N/A,Ranjit Singh Wood Works,Ranjit Singh,khadoor Sahib, Patti Fallian Di, Tarn Taran, Khadoor Sahib - 143117
N/A,M/S Balkar Singh S/o Sh Mewa Singh,Sh Balkar Singh,Lehra to,  Jakhal Road, L/S, Lehragaga - 148031
N/A,Dashmesh timber and saw mills,Paramjit kaur,Vill. Rurki pukhta near toll plaza, Nh 05 tehsil kharar district SAS nagar mohali , Rurki pukhta  - 140301
N/A,Satnam Singh,Satnam Singh,Village-Rajasansi, Old Adda, Teh-Lopoke,, Village-Rajasansi - 143101
N/A,MOUJDIN SAW MILL,MOUJ DIN,VILLAGE MITHEWAL, Teh Hoshiarpur, Hoshiarpur, MITHEWAL - 146001
N/A,JAGDEY SAW MILL,SANDEEP SINGH,H.NO-1860/3, RAIKOT ROAD , NEAR CHUNGI NO-5 WARD-3 JAGRAON, JAGRAON - 142026
N/A,Guru Teg Bahadur Timber Store,Rajinder Singh,Mandi Road, Sultanpur Lodhi , Kapurthala, Sultanpur Lodhi - 144626
N/A,Raja Saw Mill,Jarnail SIngh,Bebe Nanki Marg, Lohian Chungi, Sultanpur Lodhi, Sultanpur Lodhi - 144626
N/A,Passi Wood and Coal,Abhishek Passi,hadbast no 150, Vallabh vihar, baranhara, Baranhara - 141008
N/A,M/S BALA JI INDUSTRIES ,Kashish Gupta,Old Factory Road, , Kotkapura,,  , Faridkot - 151204
N/A,Puran Chand Saw Mill,Puran Chand,Village , kheo wali Dhab, Abohar - 152116
N/A,M/S SAGGU WOOD WORKS ,Narinder Singh,Vill. Rakhri , Khushal Singh Wala,  , Ferozepur - 152002
N/A,AGGARWAL TRADING COMPANY,Sandeep Kumar ,Muktsar Road, Vill. Jhoke Harihar ,  , ferozepur - 152003
N/A,PARDEEP TARDING COMPANY,Pardeep Kumar,Muktsar Road, Vill. Jhoke Harihar , Ferozeopur, ferozepur - 152003
N/A,Sukhdev Singh,Sukhdev Singh,VPO. Wan, Tarn Taran, Tarn Tarn, VPO.Wan - 143415
N/A,G S Trading Company,Sarwan Singh,Vill-Bhindi Saidan, Tehsil-Lopoke, Vill-Bhindi Saidan - 143110
N/A,Bhatia Saw & Floor Mill,ROHIT BHATIA,VPO BRINGALI, TEHSIL MUKERIAN, BRINGALI - 144224
N/A,M/s. Kirti Saw Mills,Sukhdev Singh,Village- Ghurkani, Mansa, Mansa - 151506
N/A,M/s Bhullar ara machine Sh. Skhwinder Singh S/o Gurdev Singh,Sukhwinder Singh S/o Gurdev Singh,Village Miran Kot Khurd, Tehsil & Distt Amritsar, Miran Kot Khurd  - 143101
N/A,M/S Parveen Kumar and Sons ,Renu ,Plot No.C 118 Mini Industrial Growth Centre Malout , Tehsil Malout , Dist.Sri Muktsar Sahib, Malout  - 152107
N/A,Shivam Trading Company,Sashi Bala,Near Shankar Sales Corporation ,0, Khewat no 424/390 Khatoni no 579, Shivam Tradingh co. Pathankot to Shahpurkandi  Road , Village Gho Tehsil And Pathankot , Gho, Pathankot ,Punjab , Teshil and district Pathankot, Tehsil & District Pathankot, Gho - 145023
N/A,M/S Baldev Saw Mill ,Baldev Singh ,Village Tahliwala Jattan , Tehsil Arniwala Shaikh Subhan , Dist Fazilka , Village Tahliwala Jattan  - 152124
N/A,M/S Wishavkarma Arra ,Jagmeet Singh ,VPO Jandwala Hanuvanta , Tehsil Abohar , Dist Fazilka , Jandwala Hanuvanta  - 152116
N/A,M/s Mangal Singh S/o Sukhwinder Singh ,Mangal Singh ,H No. 29/30 Gali no. old jawahar nagar mehta road, Tehsil & District Amritsar , Amritsar - 143001
N/A,Vishavkarma Saw Mill,Rajwinder Singh,Near SBI Bank, Vpo Kot Bakhtu, Tehsil Talwandi Sabo, Kot Bakhtu - 151301
N/A,Swaranjit singh & Sons,Swaranjit Singh,New Vikas Colony , Near Jail Thuhi Road , Nabha, Nabha - 147201
N/A,Jarnail Singh Saw Mill,Jarnail SIngh,Village Lattwala, Tehsil Sultanpur Lodhi, Lattwala - 144626
N/A,PUNJAB TIMBERS,SANDEEP GUPTA,PLOT NO-165 C, SECTOR-82,JLPL, MOHALI, PLOT NO-165 C, SECTOR-82,JLPL, MOHALI, MOHALI - 140306
N/A,Jaswinder Singh Saw Mill,Jaswinder Singh,Village , Arni wala, Sheikh Subhan, Fazilka - 152123
N/A,Jandu saw mill,Inderjit singh,Mandi Gobindgarh , Punjab, Fatehgarh sahib, Mandi Gobindgarh  - 147203
N/A,Brother Funiture House,Nitin Kumar,Village Gande Pindi , Marara Teh &Dist Pathankot , Village Gande Pindi , Marara Teh &Dist Pathankot , Distt Pathankot, Pathankot - 143525
N/A,Jandu saw mill,Inderjit singh,Mandi Gobindgarh , Near janta foundary, Fatehgarh sahib, Mandi Gobindgarh  - 147203
N/A,Guru Ram Das Wood & Charcoal ,Anmol Singh ,Village Killianwali , Tehsil Abohar , Dist Fazilka , Killianwali/Abohar  - 152128
N/A,Darshan Punshi Saw Mill,Darshan Punshi,Village Shamdo, Near Focal Point, Rajpura, Village Shamdo - 140401
N/A,MD SAW MILL,RESHMA,VILLAGE DHOOT KHURD, PO SIKRI, TESHIL HOSHIARPUR, DHOOT KHURD - 146113
N/A,Balwinder Singh saw mill,Balwinder Singh,Village Chakoki, Tehsil Dhilwan, Chakoki - 144624
N/A,M/S NANAKSAR SAW MILL,Harpreet Singh Sahota,Old Bye Pass Road, , Dharamkot, ,  , 142042 - 142042
N/A,gill saw mil,sukhwant singh,shri hargobindpur road , opp guru nanak car wash, near nawi abadi, city - 143505
N/A,Ek onkar Saw Mill & Charcoal company ,Diksha Chawla,Vill Killianwali , Tehsil Malout , Dist Sri Muktsar Sahib , Village Killianwali  - 151211
N/A,Gurdev Singh Saw mill,Gurdev Singh,Hamira Road Bhulath, Tehsil Bhulath, Post Office Bhulath, Bhulath - 144622
N/A,Gurdev Singh Saw mill,Gurdev Singh,Hamira Road Bhulath, Tehsil Bhulath, Post Office Bhulath, Bhulath - 144622
N/A,M/S Saini Saw Mills,Joginder Pal,Saini Majra, P.O. Nurpur Bedi, Teshil Anandpur Sahib, Saini Majra - 140117
N/A,JR AGRO INDUSTRIES,Smt Harvinder Kaur w/o Sh Sukhvinder Singh,Lehra Road, Chhajli, Lehra Road, Chhajli - 148030
N/A,MANN SAW MILL,Gurjant Singh,Vill. Daulatpura Niwan,  , Teh. & Distt., Moga - 142048
N/A,M/s Varinder Singh S/o Bhupinder Singh,Sh. Varinder Singh ,Village Sur Singh , Tehsil Bhikhiwind , Sur Singh  - 143302
N/A,Balwinder Singh S/o Sh Ajmer Singh,Sh Balwinder Singh,Sangrur, Uppli , Link Road, Sangrur - 148001
N/A,SHREYA INDUSTRIES,SUNITA RANI,KOTHE KAPAHA, MEHRAJ ROAD, TEHSIL NATHANA, LEHRA DHUL KOT - 151111
N/A,Pardeep Singh Saw Mill,Pardeep Singh,Village Mallian Kalan, Tehsil Nakodar, Mallian Kalan - 144623
N/A,Daulat Ram and Company,Daulat Ram,Vill Mehandipur, P.O- Kathgarh, Teh. Balachaur, Vill Mehandipur, P.O- Kathgarh, Teh. Balachaur, Mehandipur - 144522
N/A,Daulat Ram and Company,Daulat Ram,Vill Mehandipur, P.O- Kathgarh, Teh. Balachaur, Mehandipur - 144522
N/A,ANAS FIRE WOOD WORK,JULEKHA KHATUN,BACK SIDE SIMRAN DHABA, VPO BAGHPUR, VPO BAGHPUR - 146001
N/A,ANAS FIRE WOOD WORK,JULEKHA KHATUN,BACK SIDE SIMRAN DHABA, VPO BAGHPUR, BAGHPUR - 146001
N/A,amar nath,amar nath ,village ghar bagrl, p/o dunera, tehsil dhar kalan, pathankot - 145022
N/A,SATISH KUMAR SAW MILL,SATISH KUMAR,VILL.-JANDI, P/O.-CHAUNTA, DISTT.-GURDASPUR, VILL.-JANDI, P/O.- CHAUNTA , DISTT.- GURDASPUR, VILL.-JANDI ,P/O.-CHAUNTA, DISTT.- GURDASPUR, JANDI - 143533
N/A,SATISH KUMAR SAW MILL,SATISH KUMAR,VILL.-JANDI, P/O.-CHAUNTA, DISTT.-GURDASPUR, VILL.-JANDI, P/O.- CHAUNTA , DISTT.- GURDASPUR, VILL.-JANDI ,P/O.-CHAUNTA, DISTT.- GURDASPUR, JANDI - 143533
N/A,H.S Wood Works Sh. Harpal Singh ,Sh. Harpal Singh ,Near india gate. , Bye Pass Narianghar, Chhehrata,, City Chhehrata - 143001
N/A,NARESH SAW MILL,NARESH KHA,NEAR DERA BABA SHYAM DASS, PHIRNI ROAD, VILLAGE BALIANWALI, TEHSIL MAUR, BALIANWALI - 151103
N/A,waheguru g,Gurpreet Singh,majitha road, opp bhatia palace, fatehgarh churian, fatehgarh churian - 143602
N/A,M/s Gurdev Singh S/o Dial Singh,Gurdev Singh,Village Dhodiwind P.O. Rangarh, Tehsil & District Amritsar , Dhodiwind - 143108
N/A,PREET TRADING COMPANY,MANPREET SINGH,JOGEWAL, BHADDI ROAD, BALACHAUR, BALACHAUR - 144521
N/A,AJAYVEER WOOD WORKES,AJAYVEER SINGH,VPO SOHANGARH RATTEWALA, TEHSIL GURUHARSAHAI, FEROZEPUR, VPOSOHANGARH RATTEWALA - 152022
N/A,Prabhjot Singh Saw Mill,Prabhjot Singh,Ward No. 11, Lohian Khas, Teh. Shahkot - 144629
N/A,KAPIL GAUTAM,KAPIL GAUTAM,VPO BAGHPUR, HOSHIARPUR, HOSHIARPUR, BAGHPUR/HOSHIARPUR - 144208
N/A,M/s Maan & Sons,Ekamkar Singh,Village Roranwali, Teh-Malout, Disit- Sri Muktsar Sahib, Roranwali - 151213
N/A,BHULLAR SAW WOOD CENTER,KULWINDER KAUR,VILLAGE PIR MOHAMMAD, FEROZEPUR, 142044, VILLAGE PIR MOHAMMAD - 142044
N/A,M/s Jagir Singh S/o Bhagwan Singh,Sh. Jagir Singh ,Village Fatehabad, Tehsil Khadur sahib, District Tarn Taran , Fatehabad - 143407
N/A,M/S Chotala Furniture House,Savinder Singh,Vpo Bath, Tehsil & Disst. Tarn Taran, Village- bath - 143406
N/A,M/s Bath furniture House,Akashdeep Singh,Vpo Bath, Tehsil & Disst. Tarn Taran, Village Bath - 143406
N/A,Moman Ram,Moman Ram,Village, Amarpura, Abohar, Amarpura - 152116
N/A,Sh. Hira Singh S/o Teja Singh, Sh. ganesh wood works,Sh. Hira Singh ,H. no. E-1-3043 Hargobindpura , Wadali Road, Chheharta, Amritsar, Hargobindpura  - 143105
N/A,M/s Gurdeep Singh S/o sh. Mohinder Singh ,Sh. Gurdeep Singh,H. No. 98 Rani k abagh , Amritsar, Rani k abagh  - 143001
N/A,BALDEV SAW MILL,BALDEV SINGH,JAI SINGH WALA, BATHINDA, JAI SINGH WALA - 151005
N/A,Namdhari Wood Works,Guchanran Singh ,Near Purani Chungi, G.T Road , Chherharta, Amrtisar - 143105
N/A,Jiyaan Timber Store,Avinash Mittal,Nihalgarh Road Near Kabaddi Stadium, Village Dugal ,Patran, Distt. Patiala. Punjab, Village Dugal ,Patran - 147105
N/A,M/S Dhaliwal industries ,Prem Singh ,VPO Burj Muhar , Tehsil Abohar , Dist Fazilka , VPO Burj Muhar  - 152116
N/A,Himmat Singh,Himmat Singh,Dehlon, Rurka Chowk, Dehlon - 141118
N/A,Baba Deep Singh Saw Mill,Sukhmeet Singh,chak Attari Saddarwala , Teh- Muktsar, Disit- Sri Muktsar Sahib, Chak Attari Saddarwala - 152026
N/A,SURJEET SAW MILL STORE,SURJEET SINGH,WARD NO. 2, TALWANDI ROAD, OPPOSITE TRUCK UNION, ZIRA - 142047
N/A,M/S SUKHDEV SINGH SAW MILL,Sukhdev Singh ,Vill Bhangali Kalan, , Teh. & , Firozpur - 142052
N/A,Ranjit Singh,Ranjit Singh,Village-Tola Nangal, Tehsil-Lopoke, Distt-Amritsar., Village-Tola Nangal - 143101
N/A,Jagir Singh,Jagir Singh,Old Sabji Mandi,, Byepass, Ajnala, Ajnala - 143102
N/A,Charanjit Singh,Charanjit Singh,Old Sabji Mandi,, Byepass, Ajnala,, Ajnala. - 143102
N/A,Anoop Singh,Anoop Singh,Old Sabji Mandi,, Byepass, Ajnala,, Ajnala. - 143103
N/A,Sukhdev Singh,Sukhdev Singh,Village-Uggar Aulakh,, Tehsil-Ajnala., Distt- Amritsar, Village-Uggar Aulakh, - 143102
N/A,Mathru Saw Mill,Harbhajan Singh,City, Jalalabad, West, Jalalabad - 152024
N/A,M/s  AWPL & Sons,Harbhajan Singh,Village, Jandwala , Kharta, Fazilka - 152123
N/A,M/s Poonia Saw Mill,Sudhir kumar,Village, Sito Guno, Abohar, Abohar - 152024
N/A,Angad Agro Ind,Gurpreet kaur,730 Homeland, Suratgarh road, Abohar - 152024
N/A,Sarbjit Singh,Sarbjit Singh,Village-Rair, Tehsil-Ajnala, Village-Rair - 143102
N/A,Matharu Saw Mill ,Gurpreet Singh ,Village Bambiha , Tehsil Bathinda , Bathinda , Village Bambiha  - 151401
N/A,M/S Lakhbir Singh s/o Mahinga Singh,Lakhbir Singh,Adda Daburji, Tehsil Wa, , Distt- Tarn Taran, Village Daburji - 143006
N/A,Sh. Mukhwinder Singh S/o Piara Singh,Mukhwinder Singh,Village Chogawan Sadhpur, Tehsil & District Amritsar, Chogawan Sadhpur - 143116
N/A,Bhai Lalo Wood Works M/S Harjit Singh S/o Arjan Singh,Harjit Singh,VPO Manochahal, Tehsil & Disst. Tarn Taran, Village Manochahal - 143401
N/A,M/S Sardul Singh S/o Balwant Singh,Sardul Singh,Vpo Tur,  Tehsil- Khadoor Sahib,, Distt- Tarn Taran, Vpo Tur, Tehsil- Khadoor Sahib, Distt- Tarn Taran - 143411
N/A,Harpreet Singh,Harpreet Singh,Shri Hargobindpur , Gurdaspur , Shri Hargobindpur  - 143515
N/A,Dharminder Singh S/o Darshan Singh ,Dharminder Singh ,Village Mallah, Tehsil Khadur Sahib, Tarn Taran, Village Mallah - 143401
N/A,LAKHVIRSAWMILL,LAKHVIR SINGH,VILL. KALIAN SUKHA, TEH. PHUL, BATHINDA, BATHINDA - 151102
N/A,BHARI ARA MILL,HARMEL SINGH,SIRYAWALA, BHAGTA BHAI KA, BATHINDA, BATHINDA - 151206
N/A,SANTOKH SINGH SAW MILL,sa,G T ROAD DINANAGAR, GHAROTA MORH, DINANAGAR, DINANAGAR - 143521
N/A,JAGAN NATH SAW MILL,JAGAN NATH,bhaddi raod, balachaur, balachaur - 144521
N/A,KULWINDER SAW MILL,Kulwinder Singh,Old G.T. Road , Suranussi, Suranussi - 144027
N/A,M/S Ajad Singh S/o Seva Singh ,Ajad Singh ,Village Patti Lamian Di , Khadur Sahib, Tarn Taran, Patti Lamian Di  - 143117
N/A,Bhupinder Kaur,Bhupinder Kaur,Asal Road,Najdik Dana Mandi,Ward No 11, Patti, Patti - 143416
N/A,Balwinder Singh,Balwinder Singh,214/8, Patti, Patti - 143416
N/A,Surat Singh,Surat Singh,Dialpura, Dialpura, Dialpura - 143304
N/A,M/s HARPINDER SINGH AND SONS,Harpinder SIngh,DHALIWAL DONA, Tehsil Kapurthala, Dhaliwal DOna - 144601
N/A,M/s Gurbaj Singh S/o Charanjit Singh,Sh. Gurbaj Singh,Village Gujjarpura, Po. Bhangali Kalan,, Tehsil Majitha District Amritsar, Amritsar - 143601
N/A,M/S Kuldeep Singh S/o Banta Singh,Kuldeep Singh,Vpo Baba Bhuda Kaloni, Adda Chabal, Tehsil & Disst. Tarn Taran, Village Chabal - 143301
N/A,Panesar Saw mill,Jasvinder singh,Village gujjarwal , Near petrol pump, Ludhiana , Gujjarwal  - 141202
N/A,Raj Pal Saw Mill,Raj Pal ,Bhaini Mian Khan , District  Gurdaspur, Bhaini Mian Khan  - 143517
N/A,Lovepreet Singh Saw Mill,Lovepreet Singh,Village Khanpur , Post office, fattu Dhinga, Khanpur - 144601
N/A,HARMAN ENTERPRISES & SAW MILL,Harjinder Singh,Village Chogawan, PO: Sammipur, Chogawan - 144026
N/A,Kanwardalip Singh,Kanwardalip Singh,Bahmni wala, Tran Taran, Bahmni wala - 143416
N/A,Shri/M/s Paramjit Singh So Harbhajan Singh R/o Village Mattewal Tehsil Baba Bakala Amritsar,Paramjit Singh,Village Mattewal, Tehsil Baba Bakala , District Amritsar, Mattewal - 143119
N/A,Om Sai Ram Saw Mill, Village Kandala, Distt. S.A.S Nagar, Punjab,Rajiv Kumar,Village Kandala, P.O. Kandala, Tehsil Mohali, Mohali - 140306
N/A,BHATTI SAW MILL,PARMINDER SINGH,KAHNUWAN ROAD, NEAR INDIAN GAS AGENCY, BATALA, BATALA - 143505
N/A,BALWINDERPAL SAW MILL ,Balwinderpal ,VPO BILGA, PATTI MEHANA, UPPAL BHUPA ROAD, TEHSIL PHILLAUR DISTT. JALANDHAR, VILLAGE BILGA - 144036
N/A,KAPIL GAUTAM,KAPIL GAUTAM,VPO BAGHPUR, DISTT. HOSHIARPUR, HOSHIARPUR, BAGHPUR - 146001
N/A,Ramgarhia Wood Craft,Guriqbal Singh,St.no:11, Maha Singh Nagar, , Daba Lohara Road, , Ludhiana - 141016
N/A,Amarjit Saw Mill,Amarjit Singh,Dera Baba Nanak - Fatehgarh Churian Road, Adda Talwandi Rama, VPO Talwandi Rama, Talwandi Rama - 143604
N/A,AMAN TRADERS,BALBIR KAUR,OLD BUS STAND MAJITHA ROAD, BUILDING NO 318, SHOP NO 3, FATEHGARH CHURIAN ROAD, FATEHGARH CHURIAN - 143602
N/A,KULDEEP SINGH SAW MILL,KULDEEP SINGH,VILL. JIWAN NANGAL, PO. SHIKAR MACHHIAN, DERA BABA NANAK - 143605
N/A,Gurdev Singh,GURDEV SINGH,VPO. Aliwal Araian, Tehsil-Batala, Distt. Gurdaspur, Aliwal Araian - 143507
N/A,GANGA SINGH SAW MILL ,Ganga Singh,DHADHA DAULATPUR, JALANDHAR, PUNJAB, DHADHA DAULATPUR - 144701
N/A,Waheguru Arra,Paramjeet Singh ,Village Fatuhi wala , Tehsil Malout , Dist.Sri Muktsar Sahib, Village Fatuhi wala  - 152113
N/A,Pargat Singh S/o Dial Singh ,Pargat Singh ,VPO Mallian , District Amritsar , VPO Mallian - 143149
N/A,Namdhari SAW MILL,Balwinder singh,Batala road, near police station, Kalanaur, Kalanaur - 143512
N/A,Namdhari SAW MILL,Balwinder singh,Batala road, near police station, Kalanaur, Kalanaur - 143512
N/A,SANDHU SAW MILL,SUKHDEV SINGH,NEAR RAVIDAS CHOWK, BATALA ROAD, FATEHGARH CHURIAN, FATEHGARH CHURIAN - 143602
N/A,inder,inder,VPO SARIH, LUDHIANA, VPO SARIH, SARIH - 141116
N/A,Dhingra Timber Store,Ramesh Kumar,Plot No C-16, Industrial Focal Point Abohar, Abohar - 152116
N/A,ONKAR SINGH,ONKAR SINGH,VPO GUJJARWAL, LUDHIANA, LUDHIANA, GUJJARWAL - 141202
N/A,M/s Fateh Singh S/o Kartar Singh,Fateh Singh ,Vpo Chabal, Tehsil & Disst. Tarn Taran, Village Chabal - 143301
N/A,Shri/M/s Gurjant Singh S/o Mukhtar Singh R/o Village & Tehsil Baba Bakala Distt Amritsar,Gurjant Singh,VPO Baba Bakala, Tehsil Baba Bakala, Distt Amritsar, Baba Bakala - 143202
N/A,JAGDISH KAUR,JAGDISH KAUR,VPO. ALIWAL ARAIAN, TEHSIL-BATALA, DISTT. GURDASPUR, ALIWAL ARAIAN - 143507